id,event_type,latitude,longitude,event_cause,requires_road_closure,start_datetime,end_datetime,resolved_datetime,closed_datetime,status,authenticated,modified_datetime,priority,corridor,zone,junction,police_station,created_date,client_id,gba_identifier,kgid,endlatitude,endlongitude,end_address,address,description,veh_type,veh_no,cargo_material,reason_breakdown,age_of_truck,route_path,assigned_to_police_id,citizen_accident_id,comment,meta_data,map_file,direction,created_by_id,last_modified_by_id,closed_by_id,resolved_by_id,resolved_at_address,resolved_at_latitude,resolved_at_longitude
FKID000000,unplanned,13.101754873692515,77.5078434445857,accident,False,2023-01-01 00:00:00,2023-01-01 02:00:00,2023-01-01 01:30:00,2023-01-01 02:00:00,resolved,yes,2023-01-01 00:00:00,Medium,Mysore Road,West Zone,SilkBoardJunction,Cubbon Park,2023-01-01 00:00:00,2,,KG0,,,,,,,,,,,,,,,,,,,,,,,,
FKID000001,unplanned,12.839545783547674,77.72368928480348,breakdown,True,2023-01-01 06:00:00,2023-01-01 08:00:00,2023-01-01 07:30:00,2023-01-01 08:00:00,resolved,yes,2023-01-01 06:00:00,High,Outer Ring Road,Central Zone 1,,Cubbon Park,2023-01-01 06:00:00,3,,KG1,,,,,,,,,,,,,,,,,,,,,,,,
FKID000002,unplanned,12.875965495624468,77.61641814056092,construction,False,2023-01-01 12:00:00,2023-01-01 14:00:00,2023-01-01 13:30:00,2023-01-01 14:00:00,resolved,yes,2023-01-01 12:00:00,High,Outer Ring Road,Central Zone 1,SilkBoardJunction,Cubbon Park,2023-01-01 12:00:00,2,,KG2,,,,,,,,,,,,,,,,,,,,,,,,
FKID000003,unplanned,13.222320468607727,77.70314351584909,breakdown,True,2023-01-01 18:00:00,2023-01-01 20:00:00,2023-01-01 19:30:00,2023-01-01 20:00:00,resolved,yes,2023-01-01 18:00:00,Medium,Hosur Road,West Zone,MekhriCircle,Cubbon Park,2023-01-01 18:00:00,2,,KG3,,,,,,,,,,,,,,,,,,,,,,,,
FKID000004,unplanned,13.085021658040008,77.56641339227826,accident,True,2023-01-02 00:00:00,2023-01-02 02:00:00,2023-01-02 01:30:00,2023-01-02 02:00:00,resolved,yes,2023-01-02 00:00:00,Medium,Tumkur Road,West Zone,UrvashiJunction,Cubbon Park,2023-01-02 00:00:00,4,,KG4,,,,,,,,,,,,,,,,,,,,,,,,
FKID000005,unplanned,12.804322614259817,77.72179127169397,breakdown,False,2023-01-02 06:00:00,2023-01-02 08:00:00,2023-01-02 07:30:00,2023-01-02 08:00:00,resolved,yes,2023-01-02 06:00:00,Low,NH 44,West Zone,MarathahalliBridge,Cubbon Park,2023-01-02 06:00:00,2,,KG5,,,,,,,,,,,,,,,,,,,,,,,,
FKID000006,planned,12.847691625147036,77.58508445325823,accident,False,2023-01-02 12:00:00,2023-01-02 14:00:00,2023-01-02 13:30:00,2023-01-02 14:00:00,resolved,yes,2023-01-02 12:00:00,Low,Outer Ring Road,Central Zone 1,SilkBoardJunction,Cubbon Park,2023-01-02 12:00:00,4,Bengaluru Central Corporation,KG6,,,,,,,,,,,,,,,,,,,,,,,,
FKID000007,unplanned,13.111845831480785,77.48292616589968,breakdown,False,2023-01-02 18:00:00,2023-01-02 20:00:00,2023-01-02 19:30:00,2023-01-02 20:00:00,resolved,yes,2023-01-02 18:00:00,Medium,Mysore Road,Central Zone 1,UrvashiJunction,Cubbon Park,2023-01-02 18:00:00,2,,KG7,,,,,,,,,,,,,,,,,,,,,,,,
FKID000008,unplanned,12.802378944407723,77.7244531336332,accident,True,2023-01-03 00:00:00,2023-01-03 02:00:00,2023-01-03 01:30:00,2023-01-03 02:00:00,resolved,yes,2023-01-03 00:00:00,Medium,Hosur Road,West Zone,MekhriCircle,Cubbon Park,2023-01-03 00:00:00,1,Bengaluru Central Corporation,KG8,,,,,,,,,,,,,,,,,,,,,,,,
FKID000009,unplanned,12.875579784166225,77.50464740273226,accident,False,2023-01-03 06:00:00,2023-01-03 08:00:00,2023-01-03 07:30:00,2023-01-03 08:00:00,resolved,yes,2023-01-03 06:00:00,Medium,NH 44,North Zone,HebbalFlyover,Cubbon Park,2023-01-03 06:00:00,2,Bengaluru Central Corporation,KG9,,,,,,,,,,,,,,,,,,,,,,,,
FKID000010,planned,13.057904881002296,77.56621468214942,accident,False,2023-01-03 12:00:00,2023-01-03 14:00:00,2023-01-03 13:30:00,2023-01-03 14:00:00,resolved,yes,2023-01-03 12:00:00,Medium,Hosur Road,North Zone,,Cubbon Park,2023-01-03 12:00:00,1,,KG10,,,,,,,,,,,,,,,,,,,,,,,,
FKID000011,unplanned,13.125190742915565,77.73651673110372,construction,False,2023-01-03 18:00:00,2023-01-03 20:00:00,2023-01-03 19:30:00,2023-01-03 20:00:00,resolved,yes,2023-01-03 18:00:00,Medium,NH 44,Central Zone 2,UrvashiJunction,Cubbon Park,2023-01-03 18:00:00,1,,KG11,,,,,,,,,,,,,,,,,,,,,,,,
FKID000012,unplanned,13.106421791966222,77.73666392967314,breakdown,False,2023-01-04 00:00:00,2023-01-04 02:00:00,2023-01-04 01:30:00,2023-01-04 02:00:00,resolved,yes,2023-01-04 00:00:00,Medium,NH 44,East Zone,UrvashiJunction,Cubbon Park,2023-01-04 00:00:00,2,Bengaluru Central Corporation,KG12,,,,,,,,,,,,,,,,,,,,,,,,
FKID000013,unplanned,12.905406575446463,77.63482822979329,breakdown,False,2023-01-04 06:00:00,2023-01-04 08:00:00,2023-01-04 07:30:00,2023-01-04 08:00:00,resolved,yes,2023-01-04 06:00:00,Medium,Outer Ring Road,North Zone,HebbalFlyover,Cubbon Park,2023-01-04 06:00:00,1,,KG13,,,,,,,,,,,,,,,,,,,,,,,,
FKID000014,unplanned,13.134724234033342,77.65059604728584,breakdown,False,2023-01-04 12:00:00,2023-01-04 14:00:00,2023-01-04 13:30:00,2023-01-04 14:00:00,resolved,yes,2023-01-04 12:00:00,Medium,Hosur Road,Central Zone 1,UrvashiJunction,Cubbon Park,2023-01-04 12:00:00,4,,KG14,,,,,,,,,,,,,,,,,,,,,,,,
FKID000015,unplanned,12.911507071123497,77.60108029093415,accident,False,2023-01-04 18:00:00,2023-01-04 20:00:00,2023-01-04 19:30:00,2023-01-04 20:00:00,resolved,yes,2023-01-04 18:00:00,Medium,Hosur Road,North Zone,MekhriCircle,Cubbon Park,2023-01-04 18:00:00,3,Bengaluru Central Corporation,KG15,,,,,,,,,,,,,,,,,,,,,,,,
FKID000016,unplanned,12.952937858134856,77.55916690835848,breakdown,False,2023-01-05 00:00:00,2023-01-05 02:00:00,2023-01-05 01:30:00,2023-01-05 02:00:00,resolved,yes,2023-01-05 00:00:00,Medium,Mysore Road,Central Zone 2,MekhriCircle,Cubbon Park,2023-01-05 00:00:00,2,Bengaluru Central Corporation,KG16,,,,,,,,,,,,,,,,,,,,,,,,
FKID000017,unplanned,13.15085096040547,77.56873942724988,breakdown,False,2023-01-05 06:00:00,2023-01-05 08:00:00,2023-01-05 07:30:00,2023-01-05 08:00:00,resolved,yes,2023-01-05 06:00:00,Low,Mysore Road,Central Zone 2,HebbalFlyover,Cubbon Park,2023-01-05 06:00:00,1,Bengaluru Central Corporation,KG17,,,,,,,,,,,,,,,,,,,,,,,,
FKID000018,unplanned,13.105327462552191,77.6615799831408,accident,True,2023-01-05 12:00:00,2023-01-05 14:00:00,2023-01-05 13:30:00,2023-01-05 14:00:00,resolved,yes,2023-01-05 12:00:00,Low,Outer Ring Road,East Zone,,Cubbon Park,2023-01-05 12:00:00,2,,KG18,,,,,,,,,,,,,,,,,,,,,,,,
FKID000019,unplanned,13.199135002932262,77.68314112294817,event,False,2023-01-05 18:00:00,2023-01-05 20:00:00,2023-01-05 19:30:00,2023-01-05 20:00:00,resolved,yes,2023-01-05 18:00:00,High,Outer Ring Road,North Zone,MarathahalliBridge,Cubbon Park,2023-01-05 18:00:00,4,Bengaluru Central Corporation,KG19,,,,,,,,,,,,,,,,,,,,,,,,
FKID000020,unplanned,13.109078059381162,77.69372634180598,accident,False,2023-01-06 00:00:00,2023-01-06 02:00:00,2023-01-06 01:30:00,2023-01-06 02:00:00,resolved,yes,2023-01-06 00:00:00,Low,Tumkur Road,Central Zone 1,SilkBoardJunction,Cubbon Park,2023-01-06 00:00:00,2,,KG20,,,,,,,,,,,,,,,,,,,,,,,,
FKID000021,unplanned,13.067105043567672,77.69319689855453,breakdown,True,2023-01-06 06:00:00,2023-01-06 08:00:00,2023-01-06 07:30:00,2023-01-06 08:00:00,resolved,yes,2023-01-06 06:00:00,Medium,Mysore Road,Central Zone 1,MarathahalliBridge,Cubbon Park,2023-01-06 06:00:00,2,Bengaluru Central Corporation,KG21,,,,,,,,,,,,,,,,,,,,,,,,
FKID000022,unplanned,12.844027140879204,77.50462564782315,accident,True,2023-01-06 12:00:00,2023-01-06 14:00:00,2023-01-06 13:30:00,2023-01-06 14:00:00,resolved,yes,2023-01-06 12:00:00,Low,NH 44,West Zone,UrvashiJunction,Cubbon Park,2023-01-06 12:00:00,1,Bengaluru Central Corporation,KG22,,,,,,,,,,,,,,,,,,,,,,,,
FKID000023,unplanned,12.972826427437933,77.6134934822697,event,False,2023-01-06 18:00:00,2023-01-06 20:00:00,2023-01-06 19:30:00,2023-01-06 20:00:00,resolved,yes,2023-01-06 18:00:00,Low,Hosur Road,Central Zone 1,SilkBoardJunction,Cubbon Park,2023-01-06 18:00:00,4,Bengaluru Central Corporation,KG23,,,,,,,,,,,,,,,,,,,,,,,,
FKID000024,unplanned,12.924645112810412,77.4955408652045,accident,False,2023-01-07 00:00:00,2023-01-07 02:00:00,2023-01-07 01:30:00,2023-01-07 02:00:00,resolved,yes,2023-01-07 00:00:00,Medium,Outer Ring Road,East Zone,HebbalFlyover,Cubbon Park,2023-01-07 00:00:00,3,,KG24,,,,,,,,,,,,,,,,,,,,,,,,
FKID000025,unplanned,12.91467513238817,77.62837279822742,breakdown,False,2023-01-07 06:00:00,2023-01-07 08:00:00,2023-01-07 07:30:00,2023-01-07 08:00:00,resolved,yes,2023-01-07 06:00:00,High,Hosur Road,East Zone,HebbalFlyover,Cubbon Park,2023-01-07 06:00:00,3,,KG25,,,,,,,,,,,,,,,,,,,,,,,,
FKID000026,unplanned,13.257314960733648,77.59921323537081,event,True,2023-01-07 12:00:00,2023-01-07 14:00:00,2023-01-07 13:30:00,2023-01-07 14:00:00,resolved,yes,2023-01-07 12:00:00,Medium,Hosur Road,Central Zone 1,,Cubbon Park,2023-01-07 12:00:00,1,Bengaluru Central Corporation,KG26,,,,,,,,,,,,,,,,,,,,,,,,
FKID000027,unplanned,12.984755930593378,77.71968012934474,construction,False,2023-01-07 18:00:00,2023-01-07 20:00:00,2023-01-07 19:30:00,2023-01-07 20:00:00,resolved,yes,2023-01-07 18:00:00,Medium,Tumkur Road,Central Zone 1,SilkBoardJunction,Cubbon Park,2023-01-07 18:00:00,2,Bengaluru Central Corporation,KG27,,,,,,,,,,,,,,,,,,,,,,,,
FKID000028,unplanned,13.219261880933242,77.57474705338906,breakdown,True,2023-01-08 00:00:00,2023-01-08 02:00:00,2023-01-08 01:30:00,2023-01-08 02:00:00,resolved,yes,2023-01-08 00:00:00,Medium,Mysore Road,West Zone,MekhriCircle,Cubbon Park,2023-01-08 00:00:00,1,Bengaluru Central Corporation,KG28,,,,,,,,,,,,,,,,,,,,,,,,
FKID000029,planned,13.096635154218713,77.51160809443546,event,True,2023-01-08 06:00:00,2023-01-08 08:00:00,2023-01-08 07:30:00,2023-01-08 08:00:00,resolved,yes,2023-01-08 06:00:00,Medium,Outer Ring Road,Central Zone 1,SilkBoardJunction,Cubbon Park,2023-01-08 06:00:00,1,,KG29,,,,,,,,,,,,,,,,,,,,,,,,
FKID000030,unplanned,13.173561312664575,77.51860775415427,event,True,2023-01-08 12:00:00,2023-01-08 14:00:00,2023-01-08 13:30:00,2023-01-08 14:00:00,resolved,yes,2023-01-08 12:00:00,High,Hosur Road,West Zone,UrvashiJunction,Cubbon Park,2023-01-08 12:00:00,1,Bengaluru Central Corporation,KG30,,,,,,,,,,,,,,,,,,,,,,,,
FKID000031,unplanned,13.036239433759441,77.68560787056371,construction,False,2023-01-08 18:00:00,2023-01-08 20:00:00,2023-01-08 19:30:00,2023-01-08 20:00:00,resolved,yes,2023-01-08 18:00:00,Low,Outer Ring Road,West Zone,MekhriCircle,Cubbon Park,2023-01-08 18:00:00,2,,KG31,,,,,,,,,,,,,,,,,,,,,,,,
FKID000032,planned,13.07114482577439,77.64691887709539,accident,False,2023-01-09 00:00:00,2023-01-09 02:00:00,2023-01-09 01:30:00,2023-01-09 02:00:00,resolved,yes,2023-01-09 00:00:00,Low,NH 44,Central Zone 1,HebbalFlyover,Cubbon Park,2023-01-09 00:00:00,4,Bengaluru Central Corporation,KG32,,,,,,,,,,,,,,,,,,,,,,,,
FKID000033,unplanned,13.031483316094866,77.50730312255315,accident,False,2023-01-09 06:00:00,2023-01-09 08:00:00,2023-01-09 07:30:00,2023-01-09 08:00:00,resolved,yes,2023-01-09 06:00:00,Medium,Tumkur Road,Central Zone 2,SilkBoardJunction,Cubbon Park,2023-01-09 06:00:00,1,Bengaluru Central Corporation,KG33,,,,,,,,,,,,,,,,,,,,,,,,
FKID000034,unplanned,12.891764204265082,77.50270883765106,breakdown,False,2023-01-09 12:00:00,2023-01-09 14:00:00,2023-01-09 13:30:00,2023-01-09 14:00:00,resolved,yes,2023-01-09 12:00:00,High,NH 44,Central Zone 2,MarathahalliBridge,Cubbon Park,2023-01-09 12:00:00,2,Bengaluru Central Corporation,KG34,,,,,,,,,,,,,,,,,,,,,,,,
FKID000035,unplanned,13.139552494172907,77.66926166549396,construction,False,2023-01-09 18:00:00,2023-01-09 20:00:00,2023-01-09 19:30:00,2023-01-09 20:00:00,resolved,yes,2023-01-09 18:00:00,Medium,Outer Ring Road,West Zone,,Cubbon Park,2023-01-09 18:00:00,4,Bengaluru Central Corporation,KG35,,,,,,,,,,,,,,,,,,,,,,,,
FKID000036,unplanned,12.931963010347202,77.49964601171834,accident,False,2023-01-10 00:00:00,2023-01-10 02:00:00,2023-01-10 01:30:00,2023-01-10 02:00:00,resolved,yes,2023-01-10 00:00:00,High,Outer Ring Road,Central Zone 1,MarathahalliBridge,Cubbon Park,2023-01-10 00:00:00,1,Bengaluru Central Corporation,KG36,,,,,,,,,,,,,,,,,,,,,,,,
FKID000037,planned,12.811428504222784,77.70190221600839,construction,False,2023-01-10 06:00:00,2023-01-10 08:00:00,2023-01-10 07:30:00,2023-01-10 08:00:00,resolved,yes,2023-01-10 06:00:00,Low,Mysore Road,Central Zone 2,,Cubbon Park,2023-01-10 06:00:00,3,Bengaluru Central Corporation,KG37,,,,,,,,,,,,,,,,,,,,,,,,
FKID000038,unplanned,13.10337197907637,77.67068540133225,accident,False,2023-01-10 12:00:00,2023-01-10 14:00:00,2023-01-10 13:30:00,2023-01-10 14:00:00,resolved,yes,2023-01-10 12:00:00,High,Hosur Road,Central Zone 1,UrvashiJunction,Cubbon Park,2023-01-10 12:00:00,4,,KG38,,,,,,,,,,,,,,,,,,,,,,,,
FKID000039,unplanned,12.883242019321314,77.50196417077332,event,False,2023-01-10 18:00:00,2023-01-10 20:00:00,2023-01-10 19:30:00,2023-01-10 20:00:00,resolved,yes,2023-01-10 18:00:00,Medium,Hosur Road,Central Zone 1,MarathahalliBridge,Cubbon Park,2023-01-10 18:00:00,1,Bengaluru Central Corporation,KG39,,,,,,,,,,,,,,,,,,,,,,,,
FKID000040,unplanned,13.24201553464587,77.502906182803,accident,False,2023-01-11 00:00:00,2023-01-11 02:00:00,2023-01-11 01:30:00,2023-01-11 02:00:00,resolved,yes,2023-01-11 00:00:00,Medium,NH 44,Central Zone 1,SilkBoardJunction,Cubbon Park,2023-01-11 00:00:00,4,,KG40,,,,,,,,,,,,,,,,,,,,,,,,
FKID000041,unplanned,13.248346431191216,77.74639268619532,construction,False,2023-01-11 06:00:00,2023-01-11 08:00:00,2023-01-11 07:30:00,2023-01-11 08:00:00,resolved,yes,2023-01-11 06:00:00,Medium,Tumkur Road,North Zone,SilkBoardJunction,Cubbon Park,2023-01-11 06:00:00,4,Bengaluru Central Corporation,KG41,,,,,,,,,,,,,,,,,,,,,,,,
FKID000042,planned,13.22998626340361,77.58105311485416,event,False,2023-01-11 12:00:00,2023-01-11 14:00:00,2023-01-11 13:30:00,2023-01-11 14:00:00,resolved,yes,2023-01-11 12:00:00,Medium,Hosur Road,Central Zone 1,MarathahalliBridge,Cubbon Park,2023-01-11 12:00:00,4,Bengaluru Central Corporation,KG42,,,,,,,,,,,,,,,,,,,,,,,,
FKID000043,unplanned,12.97397458912006,77.58007337970807,event,False,2023-01-11 18:00:00,2023-01-11 20:00:00,2023-01-11 19:30:00,2023-01-11 20:00:00,resolved,yes,2023-01-11 18:00:00,Low,Mysore Road,North Zone,SilkBoardJunction,Cubbon Park,2023-01-11 18:00:00,4,,KG43,,,,,,,,,,,,,,,,,,,,,,,,
FKID000044,unplanned,12.807264609768568,77.69945588315953,event,True,2023-01-12 00:00:00,2023-01-12 02:00:00,2023-01-12 01:30:00,2023-01-12 02:00:00,resolved,yes,2023-01-12 00:00:00,Medium,NH 44,West Zone,UrvashiJunction,Cubbon Park,2023-01-12 00:00:00,4,Bengaluru Central Corporation,KG44,,,,,,,,,,,,,,,,,,,,,,,,
FKID000045,unplanned,13.23630972441623,77.73575711589365,construction,False,2023-01-12 06:00:00,2023-01-12 08:00:00,2023-01-12 07:30:00,2023-01-12 08:00:00,resolved,yes,2023-01-12 06:00:00,High,NH 44,Central Zone 2,MekhriCircle,Cubbon Park,2023-01-12 06:00:00,4,,KG45,,,,,,,,,,,,,,,,,,,,,,,,
FKID000046,unplanned,13.001246549709139,77.74622028723218,breakdown,False,2023-01-12 12:00:00,2023-01-12 14:00:00,2023-01-12 13:30:00,2023-01-12 14:00:00,resolved,yes,2023-01-12 12:00:00,High,Mysore Road,Central Zone 2,UrvashiJunction,Cubbon Park,2023-01-12 12:00:00,1,,KG46,,,,,,,,,,,,,,,,,,,,,,,,
FKID000047,unplanned,13.254327764950524,77.68341211001992,breakdown,False,2023-01-12 18:00:00,2023-01-12 20:00:00,2023-01-12 19:30:00,2023-01-12 20:00:00,resolved,yes,2023-01-12 18:00:00,Low,Tumkur Road,Central Zone 2,,Cubbon Park,2023-01-12 18:00:00,3,Bengaluru Central Corporation,KG47,,,,,,,,,,,,,,,,,,,,,,,,
FKID000048,unplanned,13.252901389231948,77.58159008809335,breakdown,False,2023-01-13 00:00:00,2023-01-13 02:00:00,2023-01-13 01:30:00,2023-01-13 02:00:00,resolved,yes,2023-01-13 00:00:00,Low,Mysore Road,Central Zone 2,UrvashiJunction,Cubbon Park,2023-01-13 00:00:00,2,,KG48,,,,,,,,,,,,,,,,,,,,,,,,
FKID000049,unplanned,13.200914444069658,77.50254519350864,construction,False,2023-01-13 06:00:00,2023-01-13 08:00:00,2023-01-13 07:30:00,2023-01-13 08:00:00,resolved,yes,2023-01-13 06:00:00,Medium,Tumkur Road,Central Zone 2,,Cubbon Park,2023-01-13 06:00:00,4,,KG49,,,,,,,,,,,,,,,,,,,,,,,,
FKID000050,unplanned,12.938390979272706,77.68982966730042,event,True,2023-01-13 12:00:00,2023-01-13 14:00:00,2023-01-13 13:30:00,2023-01-13 14:00:00,resolved,yes,2023-01-13 12:00:00,Medium,Mysore Road,Central Zone 2,SilkBoardJunction,Cubbon Park,2023-01-13 12:00:00,2,Bengaluru Central Corporation,KG50,,,,,,,,,,,,,,,,,,,,,,,,
FKID000051,unplanned,12.980995932442905,77.63076914742867,breakdown,False,2023-01-13 18:00:00,2023-01-13 20:00:00,2023-01-13 19:30:00,2023-01-13 20:00:00,resolved,yes,2023-01-13 18:00:00,Medium,Mysore Road,Central Zone 2,MekhriCircle,Cubbon Park,2023-01-13 18:00:00,1,,KG51,,,,,,,,,,,,,,,,,,,,,,,,
FKID000052,unplanned,13.200034235612922,77.59453994249668,construction,False,2023-01-14 00:00:00,2023-01-14 02:00:00,2023-01-14 01:30:00,2023-01-14 02:00:00,resolved,yes,2023-01-14 00:00:00,High,Outer Ring Road,West Zone,SilkBoardJunction,Cubbon Park,2023-01-14 00:00:00,4,Bengaluru Central Corporation,KG52,,,,,,,,,,,,,,,,,,,,,,,,
FKID000053,unplanned,12.94895334242345,77.72471568397557,breakdown,False,2023-01-14 06:00:00,2023-01-14 08:00:00,2023-01-14 07:30:00,2023-01-14 08:00:00,resolved,yes,2023-01-14 06:00:00,Low,NH 44,Central Zone 1,HebbalFlyover,Cubbon Park,2023-01-14 06:00:00,3,Bengaluru Central Corporation,KG53,,,,,,,,,,,,,,,,,,,,,,,,
FKID000054,unplanned,12.879661590942463,77.51002332022266,accident,True,2023-01-14 12:00:00,2023-01-14 14:00:00,2023-01-14 13:30:00,2023-01-14 14:00:00,resolved,yes,2023-01-14 12:00:00,Medium,Mysore Road,East Zone,SilkBoardJunction,Cubbon Park,2023-01-14 12:00:00,2,Bengaluru Central Corporation,KG54,,,,,,,,,,,,,,,,,,,,,,,,
FKID000055,unplanned,13.061696593355425,77.61300877815853,breakdown,False,2023-01-14 18:00:00,2023-01-14 20:00:00,2023-01-14 19:30:00,2023-01-14 20:00:00,resolved,yes,2023-01-14 18:00:00,Medium,Mysore Road,North Zone,,Cubbon Park,2023-01-14 18:00:00,4,Bengaluru Central Corporation,KG55,,,,,,,,,,,,,,,,,,,,,,,,
FKID000056,planned,13.239992743855566,77.4830654840872,breakdown,False,2023-01-15 00:00:00,2023-01-15 02:00:00,2023-01-15 01:30:00,2023-01-15 02:00:00,resolved,yes,2023-01-15 00:00:00,Medium,Hosur Road,East Zone,SilkBoardJunction,Cubbon Park,2023-01-15 00:00:00,1,,KG56,,,,,,,,,,,,,,,,,,,,,,,,
FKID000057,unplanned,13.127134004437238,77.60653837333841,event,False,2023-01-15 06:00:00,2023-01-15 08:00:00,2023-01-15 07:30:00,2023-01-15 08:00:00,resolved,yes,2023-01-15 06:00:00,High,NH 44,East Zone,SilkBoardJunction,Cubbon Park,2023-01-15 06:00:00,3,Bengaluru Central Corporation,KG57,,,,,,,,,,,,,,,,,,,,,,,,
FKID000058,planned,13.067928749942002,77.4952018844341,construction,False,2023-01-15 12:00:00,2023-01-15 14:00:00,2023-01-15 13:30:00,2023-01-15 14:00:00,resolved,yes,2023-01-15 12:00:00,High,Hosur Road,Central Zone 1,MekhriCircle,Cubbon Park,2023-01-15 12:00:00,2,Bengaluru Central Corporation,KG58,,,,,,,,,,,,,,,,,,,,,,,,
FKID000059,unplanned,12.845672952072261,77.51208083739239,event,False,2023-01-15 18:00:00,2023-01-15 20:00:00,2023-01-15 19:30:00,2023-01-15 20:00:00,resolved,yes,2023-01-15 18:00:00,Low,NH 44,Central Zone 1,SilkBoardJunction,Cubbon Park,2023-01-15 18:00:00,2,,KG59,,,,,,,,,,,,,,,,,,,,,,,,
FKID000060,unplanned,13.08905339654861,77.51173208662982,event,True,2023-01-16 00:00:00,2023-01-16 02:00:00,2023-01-16 01:30:00,2023-01-16 02:00:00,resolved,yes,2023-01-16 00:00:00,High,Hosur Road,Central Zone 1,MekhriCircle,Cubbon Park,2023-01-16 00:00:00,4,Bengaluru Central Corporation,KG60,,,,,,,,,,,,,,,,,,,,,,,,
FKID000061,unplanned,13.265325309549004,77.65528678157133,event,False,2023-01-16 06:00:00,2023-01-16 08:00:00,2023-01-16 07:30:00,2023-01-16 08:00:00,resolved,yes,2023-01-16 06:00:00,Medium,Mysore Road,Central Zone 2,MarathahalliBridge,Cubbon Park,2023-01-16 06:00:00,3,Bengaluru Central Corporation,KG61,,,,,,,,,,,,,,,,,,,,,,,,
FKID000062,unplanned,12.865839487161168,77.68143211740167,event,True,2023-01-16 12:00:00,2023-01-16 14:00:00,2023-01-16 13:30:00,2023-01-16 14:00:00,resolved,yes,2023-01-16 12:00:00,Medium,Mysore Road,West Zone,HebbalFlyover,Cubbon Park,2023-01-16 12:00:00,3,,KG62,,,,,,,,,,,,,,,,,,,,,,,,
FKID000063,unplanned,13.043614936610956,77.63750956657624,event,False,2023-01-16 18:00:00,2023-01-16 20:00:00,2023-01-16 19:30:00,2023-01-16 20:00:00,resolved,yes,2023-01-16 18:00:00,Medium,Outer Ring Road,Central Zone 2,MekhriCircle,Cubbon Park,2023-01-16 18:00:00,3,,KG63,,,,,,,,,,,,,,,,,,,,,,,,
FKID000064,unplanned,13.21236534380614,77.73978658808812,breakdown,True,2023-01-17 00:00:00,2023-01-17 02:00:00,2023-01-17 01:30:00,2023-01-17 02:00:00,resolved,yes,2023-01-17 00:00:00,Medium,Hosur Road,West Zone,,Cubbon Park,2023-01-17 00:00:00,3,,KG64,,,,,,,,,,,,,,,,,,,,,,,,
FKID000065,unplanned,13.148161250344476,77.58121505647141,event,False,2023-01-17 06:00:00,2023-01-17 08:00:00,2023-01-17 07:30:00,2023-01-17 08:00:00,resolved,yes,2023-01-17 06:00:00,Medium,Tumkur Road,West Zone,MarathahalliBridge,Cubbon Park,2023-01-17 06:00:00,1,,KG65,,,,,,,,,,,,,,,,,,,,,,,,
FKID000066,unplanned,13.127597398267776,77.5571422632961,event,False,2023-01-17 12:00:00,2023-01-17 14:00:00,2023-01-17 13:30:00,2023-01-17 14:00:00,resolved,yes,2023-01-17 12:00:00,Low,Outer Ring Road,East Zone,MekhriCircle,Cubbon Park,2023-01-17 12:00:00,3,,KG66,,,,,,,,,,,,,,,,,,,,,,,,
FKID000067,unplanned,13.130167519473941,77.71452176461115,construction,False,2023-01-17 18:00:00,2023-01-17 20:00:00,2023-01-17 19:30:00,2023-01-17 20:00:00,resolved,yes,2023-01-17 18:00:00,Medium,Hosur Road,East Zone,MekhriCircle,Cubbon Park,2023-01-17 18:00:00,2,,KG67,,,,,,,,,,,,,,,,,,,,,,,,
FKID000068,planned,12.968960841073285,77.54037087640026,accident,False,2023-01-18 00:00:00,2023-01-18 02:00:00,2023-01-18 01:30:00,2023-01-18 02:00:00,resolved,yes,2023-01-18 00:00:00,Medium,Hosur Road,West Zone,HebbalFlyover,Cubbon Park,2023-01-18 00:00:00,2,,KG68,,,,,,,,,,,,,,,,,,,,,,,,
FKID000069,unplanned,12.937988166804312,77.74007008564897,breakdown,False,2023-01-18 06:00:00,2023-01-18 08:00:00,2023-01-18 07:30:00,2023-01-18 08:00:00,resolved,yes,2023-01-18 06:00:00,Medium,Outer Ring Road,West Zone,,Cubbon Park,2023-01-18 06:00:00,1,Bengaluru Central Corporation,KG69,,,,,,,,,,,,,,,,,,,,,,,,
FKID000070,unplanned,13.1803997430749,77.48328170816626,breakdown,True,2023-01-18 12:00:00,2023-01-18 14:00:00,2023-01-18 13:30:00,2023-01-18 14:00:00,resolved,yes,2023-01-18 12:00:00,Medium,Mysore Road,Central Zone 2,UrvashiJunction,Cubbon Park,2023-01-18 12:00:00,2,,KG70,,,,,,,,,,,,,,,,,,,,,,,,
FKID000071,unplanned,13.180753295499215,77.74186728321106,breakdown,False,2023-01-18 18:00:00,2023-01-18 20:00:00,2023-01-18 19:30:00,2023-01-18 20:00:00,resolved,yes,2023-01-18 18:00:00,Low,Hosur Road,Central Zone 2,UrvashiJunction,Cubbon Park,2023-01-18 18:00:00,2,,KG71,,,,,,,,,,,,,,,,,,,,,,,,
FKID000072,planned,13.207523989732648,77.49165317622666,event,True,2023-01-19 00:00:00,2023-01-19 02:00:00,2023-01-19 01:30:00,2023-01-19 02:00:00,resolved,yes,2023-01-19 00:00:00,Low,Mysore Road,East Zone,MekhriCircle,Cubbon Park,2023-01-19 00:00:00,3,,KG72,,,,,,,,,,,,,,,,,,,,,,,,
FKID000073,unplanned,13.22922305970154,77.72060864069849,event,False,2023-01-19 06:00:00,2023-01-19 08:00:00,2023-01-19 07:30:00,2023-01-19 08:00:00,resolved,yes,2023-01-19 06:00:00,Medium,Outer Ring Road,Central Zone 1,SilkBoardJunction,Cubbon Park,2023-01-19 06:00:00,2,Bengaluru Central Corporation,KG73,,,,,,,,,,,,,,,,,,,,,,,,
FKID000074,unplanned,13.040330927464641,77.6224792994533,event,False,2023-01-19 12:00:00,2023-01-19 14:00:00,2023-01-19 13:30:00,2023-01-19 14:00:00,resolved,yes,2023-01-19 12:00:00,High,Mysore Road,West Zone,,Cubbon Park,2023-01-19 12:00:00,1,Bengaluru Central Corporation,KG74,,,,,,,,,,,,,,,,,,,,,,,,
FKID000075,unplanned,13.035712658502984,77.74810049495221,construction,True,2023-01-19 18:00:00,2023-01-19 20:00:00,2023-01-19 19:30:00,2023-01-19 20:00:00,resolved,yes,2023-01-19 18:00:00,Medium,NH 44,Central Zone 2,MarathahalliBridge,Cubbon Park,2023-01-19 18:00:00,3,,KG75,,,,,,,,,,,,,,,,,,,,,,,,
FKID000076,unplanned,13.175198734114383,77.49992507247856,accident,True,2023-01-20 00:00:00,2023-01-20 02:00:00,2023-01-20 01:30:00,2023-01-20 02:00:00,resolved,yes,2023-01-20 00:00:00,Medium,Tumkur Road,East Zone,SilkBoardJunction,Cubbon Park,2023-01-20 00:00:00,4,,KG76,,,,,,,,,,,,,,,,,,,,,,,,
FKID000077,planned,13.10548304746555,77.62954065678836,event,False,2023-01-20 06:00:00,2023-01-20 08:00:00,2023-01-20 07:30:00,2023-01-20 08:00:00,resolved,yes,2023-01-20 06:00:00,High,Hosur Road,Central Zone 2,SilkBoardJunction,Cubbon Park,2023-01-20 06:00:00,3,,KG77,,,,,,,,,,,,,,,,,,,,,,,,
FKID000078,unplanned,13.129924432311121,77.74171168461716,accident,False,2023-01-20 12:00:00,2023-01-20 14:00:00,2023-01-20 13:30:00,2023-01-20 14:00:00,resolved,yes,2023-01-20 12:00:00,Medium,Tumkur Road,West Zone,,Cubbon Park,2023-01-20 12:00:00,1,Bengaluru Central Corporation,KG78,,,,,,,,,,,,,,,,,,,,,,,,
FKID000079,unplanned,13.174022554634968,77.62123641792594,construction,False,2023-01-20 18:00:00,2023-01-20 20:00:00,2023-01-20 19:30:00,2023-01-20 20:00:00,resolved,yes,2023-01-20 18:00:00,Medium,Mysore Road,West Zone,MekhriCircle,Cubbon Park,2023-01-20 18:00:00,3,Bengaluru Central Corporation,KG79,,,,,,,,,,,,,,,,,,,,,,,,
FKID000080,unplanned,13.218302510654256,77.64993763229653,breakdown,False,2023-01-21 00:00:00,2023-01-21 02:00:00,2023-01-21 01:30:00,2023-01-21 02:00:00,resolved,yes,2023-01-21 00:00:00,Medium,Hosur Road,North Zone,MekhriCircle,Cubbon Park,2023-01-21 00:00:00,3,,KG80,,,,,,,,,,,,,,,,,,,,,,,,
FKID000081,unplanned,12.958857723720222,77.66785214602585,event,False,2023-01-21 06:00:00,2023-01-21 08:00:00,2023-01-21 07:30:00,2023-01-21 08:00:00,resolved,yes,2023-01-21 06:00:00,Low,Mysore Road,Central Zone 1,MekhriCircle,Cubbon Park,2023-01-21 06:00:00,1,Bengaluru Central Corporation,KG81,,,,,,,,,,,,,,,,,,,,,,,,
FKID000082,unplanned,12.976523987740775,77.6027260874873,accident,True,2023-01-21 12:00:00,2023-01-21 14:00:00,2023-01-21 13:30:00,2023-01-21 14:00:00,resolved,yes,2023-01-21 12:00:00,High,NH 44,North Zone,MekhriCircle,Cubbon Park,2023-01-21 12:00:00,3,,KG82,,,,,,,,,,,,,,,,,,,,,,,,
FKID000083,planned,12.844171511725209,77.64944068162269,accident,False,2023-01-21 18:00:00,2023-01-21 20:00:00,2023-01-21 19:30:00,2023-01-21 20:00:00,resolved,yes,2023-01-21 18:00:00,High,Outer Ring Road,East Zone,UrvashiJunction,Cubbon Park,2023-01-21 18:00:00,1,Bengaluru Central Corporation,KG83,,,,,,,,,,,,,,,,,,,,,,,,
FKID000084,unplanned,13.071791666268203,77.63776486421924,event,True,2023-01-22 00:00:00,2023-01-22 02:00:00,2023-01-22 01:30:00,2023-01-22 02:00:00,resolved,yes,2023-01-22 00:00:00,Low,Hosur Road,Central Zone 2,MekhriCircle,Cubbon Park,2023-01-22 00:00:00,1,Bengaluru Central Corporation,KG84,,,,,,,,,,,,,,,,,,,,,,,,
FKID000085,unplanned,12.81689286868447,77.72331266283257,breakdown,False,2023-01-22 06:00:00,2023-01-22 08:00:00,2023-01-22 07:30:00,2023-01-22 08:00:00,resolved,yes,2023-01-22 06:00:00,Medium,NH 44,East Zone,UrvashiJunction,Cubbon Park,2023-01-22 06:00:00,4,,KG85,,,,,,,,,,,,,,,,,,,,,,,,
FKID000086,unplanned,13.018831068522257,77.4922705226922,breakdown,False,2023-01-22 12:00:00,2023-01-22 14:00:00,2023-01-22 13:30:00,2023-01-22 14:00:00,resolved,yes,2023-01-22 12:00:00,Medium,NH 44,West Zone,UrvashiJunction,Cubbon Park,2023-01-22 12:00:00,2,,KG86,,,,,,,,,,,,,,,,,,,,,,,,
FKID000087,unplanned,13.055042978312562,77.5558600611899,breakdown,False,2023-01-22 18:00:00,2023-01-22 20:00:00,2023-01-22 19:30:00,2023-01-22 20:00:00,resolved,yes,2023-01-22 18:00:00,Medium,Hosur Road,North Zone,MekhriCircle,Cubbon Park,2023-01-22 18:00:00,2,,KG87,,,,,,,,,,,,,,,,,,,,,,,,
FKID000088,unplanned,12.934674388500294,77.73661110070067,construction,False,2023-01-23 00:00:00,2023-01-23 02:00:00,2023-01-23 01:30:00,2023-01-23 02:00:00,resolved,yes,2023-01-23 00:00:00,Medium,Mysore Road,North Zone,HebbalFlyover,Cubbon Park,2023-01-23 00:00:00,3,,KG88,,,,,,,,,,,,,,,,,,,,,,,,
FKID000089,unplanned,13.077691632467435,77.72037122165055,accident,False,2023-01-23 06:00:00,2023-01-23 08:00:00,2023-01-23 07:30:00,2023-01-23 08:00:00,resolved,yes,2023-01-23 06:00:00,Low,NH 44,North Zone,MarathahalliBridge,Cubbon Park,2023-01-23 06:00:00,3,Bengaluru Central Corporation,KG89,,,,,,,,,,,,,,,,,,,,,,,,
FKID000090,unplanned,12.814335117471353,77.60302732325215,accident,True,2023-01-23 12:00:00,2023-01-23 14:00:00,2023-01-23 13:30:00,2023-01-23 14:00:00,resolved,yes,2023-01-23 12:00:00,Low,Tumkur Road,East Zone,SilkBoardJunction,Cubbon Park,2023-01-23 12:00:00,4,Bengaluru Central Corporation,KG90,,,,,,,,,,,,,,,,,,,,,,,,
FKID000091,unplanned,12.817553648712131,77.64743580140642,accident,False,2023-01-23 18:00:00,2023-01-23 20:00:00,2023-01-23 19:30:00,2023-01-23 20:00:00,resolved,yes,2023-01-23 18:00:00,Medium,NH 44,West Zone,UrvashiJunction,Cubbon Park,2023-01-23 18:00:00,4,Bengaluru Central Corporation,KG91,,,,,,,,,,,,,,,,,,,,,,,,
FKID000092,unplanned,13.186622263510039,77.5548929194049,construction,False,2023-01-24 00:00:00,2023-01-24 02:00:00,2023-01-24 01:30:00,2023-01-24 02:00:00,resolved,yes,2023-01-24 00:00:00,Medium,Mysore Road,Central Zone 2,,Cubbon Park,2023-01-24 00:00:00,4,,KG92,,,,,,,,,,,,,,,,,,,,,,,,
FKID000093,unplanned,12.969289601463293,77.53079271312542,accident,False,2023-01-24 06:00:00,2023-01-24 08:00:00,2023-01-24 07:30:00,2023-01-24 08:00:00,resolved,yes,2023-01-24 06:00:00,Medium,Mysore Road,Central Zone 2,,Cubbon Park,2023-01-24 06:00:00,1,Bengaluru Central Corporation,KG93,,,,,,,,,,,,,,,,,,,,,,,,
FKID000094,unplanned,12.859718440946386,77.6051985693338,construction,True,2023-01-24 12:00:00,2023-01-24 14:00:00,2023-01-24 13:30:00,2023-01-24 14:00:00,resolved,yes,2023-01-24 12:00:00,Medium,Tumkur Road,East Zone,MarathahalliBridge,Cubbon Park,2023-01-24 12:00:00,4,,KG94,,,,,,,,,,,,,,,,,,,,,,,,
FKID000095,unplanned,13.045454332225757,77.57540510156704,breakdown,False,2023-01-24 18:00:00,2023-01-24 20:00:00,2023-01-24 19:30:00,2023-01-24 20:00:00,resolved,yes,2023-01-24 18:00:00,High,NH 44,North Zone,,Cubbon Park,2023-01-24 18:00:00,4,Bengaluru Central Corporation,KG95,,,,,,,,,,,,,,,,,,,,,,,,
FKID000096,unplanned,13.161896969956347,77.63758715019974,event,False,2023-01-25 00:00:00,2023-01-25 02:00:00,2023-01-25 01:30:00,2023-01-25 02:00:00,resolved,yes,2023-01-25 00:00:00,Low,Mysore Road,Central Zone 1,HebbalFlyover,Cubbon Park,2023-01-25 00:00:00,3,,KG96,,,,,,,,,,,,,,,,,,,,,,,,
FKID000097,unplanned,12.901435882923517,77.50098835198055,accident,False,2023-01-25 06:00:00,2023-01-25 08:00:00,2023-01-25 07:30:00,2023-01-25 08:00:00,resolved,yes,2023-01-25 06:00:00,High,Hosur Road,East Zone,,Cubbon Park,2023-01-25 06:00:00,4,,KG97,,,,,,,,,,,,,,,,,,,,,,,,
FKID000098,planned,13.09275852363493,77.74308659806987,accident,False,2023-01-25 12:00:00,2023-01-25 14:00:00,2023-01-25 13:30:00,2023-01-25 14:00:00,resolved,yes,2023-01-25 12:00:00,Low,Outer Ring Road,East Zone,SilkBoardJunction,Cubbon Park,2023-01-25 12:00:00,1,Bengaluru Central Corporation,KG98,,,,,,,,,,,,,,,,,,,,,,,,
FKID000099,unplanned,12.840113308547071,77.7462769010095,breakdown,False,2023-01-25 18:00:00,2023-01-25 20:00:00,2023-01-25 19:30:00,2023-01-25 20:00:00,resolved,yes,2023-01-25 18:00:00,Medium,Outer Ring Road,West Zone,SilkBoardJunction,Cubbon Park,2023-01-25 18:00:00,1,,KG99,,,,,,,,,,,,,,,,,,,,,,,,
FKID000100,planned,12.824290408949246,77.66850366278533,event,False,2023-01-26 00:00:00,2023-01-26 02:00:00,2023-01-26 01:30:00,2023-01-26 02:00:00,resolved,yes,2023-01-26 00:00:00,High,Outer Ring Road,Central Zone 2,UrvashiJunction,Cubbon Park,2023-01-26 00:00:00,3,,KG100,,,,,,,,,,,,,,,,,,,,,,,,
FKID000101,unplanned,13.04973667683703,77.62474601891292,construction,True,2023-01-26 06:00:00,2023-01-26 08:00:00,2023-01-26 07:30:00,2023-01-26 08:00:00,resolved,yes,2023-01-26 06:00:00,Medium,NH 44,East Zone,MekhriCircle,Cubbon Park,2023-01-26 06:00:00,4,Bengaluru Central Corporation,KG101,,,,,,,,,,,,,,,,,,,,,,,,
FKID000102,unplanned,13.05409850715675,77.56357245639731,event,False,2023-01-26 12:00:00,2023-01-26 14:00:00,2023-01-26 13:30:00,2023-01-26 14:00:00,resolved,yes,2023-01-26 12:00:00,Low,Tumkur Road,East Zone,HebbalFlyover,Cubbon Park,2023-01-26 12:00:00,4,,KG102,,,,,,,,,,,,,,,,,,,,,,,,
FKID000103,unplanned,13.099592053704157,77.69972465532088,breakdown,False,2023-01-26 18:00:00,2023-01-26 20:00:00,2023-01-26 19:30:00,2023-01-26 20:00:00,resolved,yes,2023-01-26 18:00:00,Low,Mysore Road,North Zone,UrvashiJunction,Cubbon Park,2023-01-26 18:00:00,1,,KG103,,,,,,,,,,,,,,,,,,,,,,,,
FKID000104,unplanned,13.14126292684965,77.66487741658955,breakdown,False,2023-01-27 00:00:00,2023-01-27 02:00:00,2023-01-27 01:30:00,2023-01-27 02:00:00,resolved,yes,2023-01-27 00:00:00,Low,Hosur Road,North Zone,HebbalFlyover,Cubbon Park,2023-01-27 00:00:00,4,,KG104,,,,,,,,,,,,,,,,,,,,,,,,
FKID000105,unplanned,13.258650477347391,77.52390657362312,event,False,2023-01-27 06:00:00,2023-01-27 08:00:00,2023-01-27 07:30:00,2023-01-27 08:00:00,resolved,yes,2023-01-27 06:00:00,Medium,Hosur Road,Central Zone 1,MekhriCircle,Cubbon Park,2023-01-27 06:00:00,4,Bengaluru Central Corporation,KG105,,,,,,,,,,,,,,,,,,,,,,,,
FKID000106,unplanned,13.042661163701561,77.72595033981334,construction,False,2023-01-27 12:00:00,2023-01-27 14:00:00,2023-01-27 13:30:00,2023-01-27 14:00:00,resolved,yes,2023-01-27 12:00:00,Medium,NH 44,West Zone,,Cubbon Park,2023-01-27 12:00:00,4,Bengaluru Central Corporation,KG106,,,,,,,,,,,,,,,,,,,,,,,,
FKID000107,unplanned,12.951789542282386,77.70208505558925,construction,False,2023-01-27 18:00:00,2023-01-27 20:00:00,2023-01-27 19:30:00,2023-01-27 20:00:00,resolved,yes,2023-01-27 18:00:00,Low,Outer Ring Road,Central Zone 1,,Cubbon Park,2023-01-27 18:00:00,2,,KG107,,,,,,,,,,,,,,,,,,,,,,,,
FKID000108,unplanned,13.17373751154129,77.73644597658883,accident,False,2023-01-28 00:00:00,2023-01-28 02:00:00,2023-01-28 01:30:00,2023-01-28 02:00:00,resolved,yes,2023-01-28 00:00:00,Medium,NH 44,North Zone,MekhriCircle,Cubbon Park,2023-01-28 00:00:00,3,Bengaluru Central Corporation,KG108,,,,,,,,,,,,,,,,,,,,,,,,
FKID000109,planned,12.927291158093174,77.67594426726485,construction,True,2023-01-28 06:00:00,2023-01-28 08:00:00,2023-01-28 07:30:00,2023-01-28 08:00:00,resolved,yes,2023-01-28 06:00:00,Medium,Tumkur Road,Central Zone 2,UrvashiJunction,Cubbon Park,2023-01-28 06:00:00,2,,KG109,,,,,,,,,,,,,,,,,,,,,,,,
FKID000110,unplanned,13.006316567731648,77.64562210290266,event,False,2023-01-28 12:00:00,2023-01-28 14:00:00,2023-01-28 13:30:00,2023-01-28 14:00:00,resolved,yes,2023-01-28 12:00:00,Medium,Tumkur Road,North Zone,MekhriCircle,Cubbon Park,2023-01-28 12:00:00,3,,KG110,,,,,,,,,,,,,,,,,,,,,,,,
FKID000111,unplanned,12.836874499230866,77.59292561979846,breakdown,False,2023-01-28 18:00:00,2023-01-28 20:00:00,2023-01-28 19:30:00,2023-01-28 20:00:00,resolved,yes,2023-01-28 18:00:00,Low,Mysore Road,West Zone,MarathahalliBridge,Cubbon Park,2023-01-28 18:00:00,1,,KG111,,,,,,,,,,,,,,,,,,,,,,,,
FKID000112,unplanned,12.811914849405266,77.73183669050559,accident,True,2023-01-29 00:00:00,2023-01-29 02:00:00,2023-01-29 01:30:00,2023-01-29 02:00:00,resolved,yes,2023-01-29 00:00:00,Low,Mysore Road,North Zone,SilkBoardJunction,Cubbon Park,2023-01-29 00:00:00,4,,KG112,,,,,,,,,,,,,,,,,,,,,,,,
FKID000113,unplanned,13.252444754898624,77.71383725016511,accident,False,2023-01-29 06:00:00,2023-01-29 08:00:00,2023-01-29 07:30:00,2023-01-29 08:00:00,resolved,yes,2023-01-29 06:00:00,High,Tumkur Road,West Zone,UrvashiJunction,Cubbon Park,2023-01-29 06:00:00,3,,KG113,,,,,,,,,,,,,,,,,,,,,,,,
FKID000114,unplanned,13.192910656640736,77.49220904092867,breakdown,False,2023-01-29 12:00:00,2023-01-29 14:00:00,2023-01-29 13:30:00,2023-01-29 14:00:00,resolved,yes,2023-01-29 12:00:00,Low,Tumkur Road,West Zone,HebbalFlyover,Cubbon Park,2023-01-29 12:00:00,2,Bengaluru Central Corporation,KG114,,,,,,,,,,,,,,,,,,,,,,,,
FKID000115,unplanned,13.127107876864038,77.48711908311427,construction,False,2023-01-29 18:00:00,2023-01-29 20:00:00,2023-01-29 19:30:00,2023-01-29 20:00:00,resolved,yes,2023-01-29 18:00:00,Low,Tumkur Road,West Zone,MarathahalliBridge,Cubbon Park,2023-01-29 18:00:00,4,,KG115,,,,,,,,,,,,,,,,,,,,,,,,
FKID000116,unplanned,12.992207883874707,77.58164510905708,breakdown,False,2023-01-30 00:00:00,2023-01-30 02:00:00,2023-01-30 01:30:00,2023-01-30 02:00:00,resolved,yes,2023-01-30 00:00:00,High,NH 44,West Zone,UrvashiJunction,Cubbon Park,2023-01-30 00:00:00,1,Bengaluru Central Corporation,KG116,,,,,,,,,,,,,,,,,,,,,,,,
FKID000117,unplanned,12.881448330433297,77.6988493993111,construction,False,2023-01-30 06:00:00,2023-01-30 08:00:00,2023-01-30 07:30:00,2023-01-30 08:00:00,resolved,yes,2023-01-30 06:00:00,Medium,Tumkur Road,West Zone,MekhriCircle,Cubbon Park,2023-01-30 06:00:00,3,Bengaluru Central Corporation,KG117,,,,,,,,,,,,,,,,,,,,,,,,
FKID000118,unplanned,12.87352541005541,77.74656455491504,breakdown,True,2023-01-30 12:00:00,2023-01-30 14:00:00,2023-01-30 13:30:00,2023-01-30 14:00:00,resolved,yes,2023-01-30 12:00:00,Low,Hosur Road,Central Zone 2,MekhriCircle,Cubbon Park,2023-01-30 12:00:00,3,,KG118,,,,,,,,,,,,,,,,,,,,,,,,
FKID000119,unplanned,12.91761416213736,77.52061256059795,event,False,2023-01-30 18:00:00,2023-01-30 20:00:00,2023-01-30 19:30:00,2023-01-30 20:00:00,resolved,yes,2023-01-30 18:00:00,High,Outer Ring Road,Central Zone 1,MekhriCircle,Cubbon Park,2023-01-30 18:00:00,3,,KG119,,,,,,,,,,,,,,,,,,,,,,,,
FKID000120,unplanned,13.058136532411877,77.64041529314508,construction,False,2023-01-31 00:00:00,2023-01-31 02:00:00,2023-01-31 01:30:00,2023-01-31 02:00:00,resolved,yes,2023-01-31 00:00:00,Medium,Tumkur Road,East Zone,MekhriCircle,Cubbon Park,2023-01-31 00:00:00,4,Bengaluru Central Corporation,KG120,,,,,,,,,,,,,,,,,,,,,,,,
FKID000121,unplanned,13.13586008366903,77.58284053129037,event,True,2023-01-31 06:00:00,2023-01-31 08:00:00,2023-01-31 07:30:00,2023-01-31 08:00:00,resolved,yes,2023-01-31 06:00:00,Medium,Outer Ring Road,Central Zone 1,HebbalFlyover,Cubbon Park,2023-01-31 06:00:00,2,Bengaluru Central Corporation,KG121,,,,,,,,,,,,,,,,,,,,,,,,
FKID000122,unplanned,13.110292767057334,77.74187688740994,accident,False,2023-01-31 12:00:00,2023-01-31 14:00:00,2023-01-31 13:30:00,2023-01-31 14:00:00,resolved,yes,2023-01-31 12:00:00,Low,NH 44,West Zone,MarathahalliBridge,Cubbon Park,2023-01-31 12:00:00,2,Bengaluru Central Corporation,KG122,,,,,,,,,,,,,,,,,,,,,,,,
FKID000123,unplanned,12.931568931564593,77.70737210924665,breakdown,False,2023-01-31 18:00:00,2023-01-31 20:00:00,2023-01-31 19:30:00,2023-01-31 20:00:00,resolved,yes,2023-01-31 18:00:00,Low,Outer Ring Road,Central Zone 2,,Cubbon Park,2023-01-31 18:00:00,3,,KG123,,,,,,,,,,,,,,,,,,,,,,,,
FKID000124,unplanned,13.248786681911701,77.70634875027201,accident,False,2023-02-01 00:00:00,2023-02-01 02:00:00,2023-02-01 01:30:00,2023-02-01 02:00:00,resolved,yes,2023-02-01 00:00:00,Low,NH 44,North Zone,SilkBoardJunction,Cubbon Park,2023-02-01 00:00:00,1,Bengaluru Central Corporation,KG124,,,,,,,,,,,,,,,,,,,,,,,,
FKID000125,unplanned,13.14681155084701,77.60654715314465,accident,False,2023-02-01 06:00:00,2023-02-01 08:00:00,2023-02-01 07:30:00,2023-02-01 08:00:00,resolved,yes,2023-02-01 06:00:00,Medium,Hosur Road,Central Zone 2,HebbalFlyover,Cubbon Park,2023-02-01 06:00:00,1,,KG125,,,,,,,,,,,,,,,,,,,,,,,,
FKID000126,unplanned,13.060546404680359,77.59200126563117,accident,False,2023-02-01 12:00:00,2023-02-01 14:00:00,2023-02-01 13:30:00,2023-02-01 14:00:00,resolved,yes,2023-02-01 12:00:00,Low,NH 44,West Zone,HebbalFlyover,Cubbon Park,2023-02-01 12:00:00,2,,KG126,,,,,,,,,,,,,,,,,,,,,,,,
FKID000127,unplanned,13.087508750730146,77.55381990942129,accident,False,2023-02-01 18:00:00,2023-02-01 20:00:00,2023-02-01 19:30:00,2023-02-01 20:00:00,resolved,yes,2023-02-01 18:00:00,Low,NH 44,Central Zone 2,,Cubbon Park,2023-02-01 18:00:00,1,,KG127,,,,,,,,,,,,,,,,,,,,,,,,
FKID000128,planned,12.997212029341062,77.49522138409576,breakdown,False,2023-02-02 00:00:00,2023-02-02 02:00:00,2023-02-02 01:30:00,2023-02-02 02:00:00,resolved,yes,2023-02-02 00:00:00,Medium,Mysore Road,Central Zone 2,,Cubbon Park,2023-02-02 00:00:00,2,Bengaluru Central Corporation,KG128,,,,,,,,,,,,,,,,,,,,,,,,
FKID000129,unplanned,12.916433565065544,77.71347504158886,accident,False,2023-02-02 06:00:00,2023-02-02 08:00:00,2023-02-02 07:30:00,2023-02-02 08:00:00,resolved,yes,2023-02-02 06:00:00,Low,Tumkur Road,West Zone,SilkBoardJunction,Cubbon Park,2023-02-02 06:00:00,3,,KG129,,,,,,,,,,,,,,,,,,,,,,,,
FKID000130,unplanned,12.967307158966094,77.69948327246512,breakdown,True,2023-02-02 12:00:00,2023-02-02 14:00:00,2023-02-02 13:30:00,2023-02-02 14:00:00,resolved,yes,2023-02-02 12:00:00,High,Tumkur Road,Central Zone 2,SilkBoardJunction,Cubbon Park,2023-02-02 12:00:00,2,,KG130,,,,,,,,,,,,,,,,,,,,,,,,
FKID000131,unplanned,13.156187671918254,77.74992377178725,breakdown,False,2023-02-02 18:00:00,2023-02-02 20:00:00,2023-02-02 19:30:00,2023-02-02 20:00:00,resolved,yes,2023-02-02 18:00:00,Medium,Hosur Road,East Zone,,Cubbon Park,2023-02-02 18:00:00,2,,KG131,,,,,,,,,,,,,,,,,,,,,,,,
FKID000132,unplanned,12.806764939655986,77.74909194600995,event,True,2023-02-03 00:00:00,2023-02-03 02:00:00,2023-02-03 01:30:00,2023-02-03 02:00:00,resolved,yes,2023-02-03 00:00:00,Medium,Hosur Road,East Zone,MekhriCircle,Cubbon Park,2023-02-03 00:00:00,3,,KG132,,,,,,,,,,,,,,,,,,,,,,,,
FKID000133,unplanned,12.854554141038252,77.62996656051271,construction,True,2023-02-03 06:00:00,2023-02-03 08:00:00,2023-02-03 07:30:00,2023-02-03 08:00:00,resolved,yes,2023-02-03 06:00:00,High,Tumkur Road,Central Zone 2,HebbalFlyover,Cubbon Park,2023-02-03 06:00:00,1,,KG133,,,,,,,,,,,,,,,,,,,,,,,,
FKID000134,unplanned,12.821621241750224,77.68762660209875,construction,False,2023-02-03 12:00:00,2023-02-03 14:00:00,2023-02-03 13:30:00,2023-02-03 14:00:00,resolved,yes,2023-02-03 12:00:00,High,Mysore Road,North Zone,UrvashiJunction,Cubbon Park,2023-02-03 12:00:00,2,Bengaluru Central Corporation,KG134,,,,,,,,,,,,,,,,,,,,,,,,
FKID000135,unplanned,12.819142537089917,77.73508674706825,breakdown,False,2023-02-03 18:00:00,2023-02-03 20:00:00,2023-02-03 19:30:00,2023-02-03 20:00:00,resolved,yes,2023-02-03 18:00:00,Medium,Tumkur Road,West Zone,SilkBoardJunction,Cubbon Park,2023-02-03 18:00:00,2,,KG135,,,,,,,,,,,,,,,,,,,,,,,,
FKID000136,unplanned,13.202066474485173,77.7094047954829,event,False,2023-02-04 00:00:00,2023-02-04 02:00:00,2023-02-04 01:30:00,2023-02-04 02:00:00,resolved,yes,2023-02-04 00:00:00,Medium,Mysore Road,East Zone,SilkBoardJunction,Cubbon Park,2023-02-04 00:00:00,3,,KG136,,,,,,,,,,,,,,,,,,,,,,,,
FKID000137,unplanned,13.130719193908611,77.54678398747066,breakdown,False,2023-02-04 06:00:00,2023-02-04 08:00:00,2023-02-04 07:30:00,2023-02-04 08:00:00,resolved,yes,2023-02-04 06:00:00,Low,Hosur Road,North Zone,,Cubbon Park,2023-02-04 06:00:00,1,Bengaluru Central Corporation,KG137,,,,,,,,,,,,,,,,,,,,,,,,
FKID000138,unplanned,13.022861699671044,77.60164691653372,breakdown,False,2023-02-04 12:00:00,2023-02-04 14:00:00,2023-02-04 13:30:00,2023-02-04 14:00:00,resolved,yes,2023-02-04 12:00:00,High,Outer Ring Road,Central Zone 2,MarathahalliBridge,Cubbon Park,2023-02-04 12:00:00,2,,KG138,,,,,,,,,,,,,,,,,,,,,,,,
FKID000139,unplanned,12.84598205550597,77.51487304209091,breakdown,False,2023-02-04 18:00:00,2023-02-04 20:00:00,2023-02-04 19:30:00,2023-02-04 20:00:00,resolved,yes,2023-02-04 18:00:00,Medium,Hosur Road,North Zone,UrvashiJunction,Cubbon Park,2023-02-04 18:00:00,3,Bengaluru Central Corporation,KG139,,,,,,,,,,,,,,,,,,,,,,,,
FKID000140,unplanned,13.031059461304912,77.73759377735986,event,True,2023-02-05 00:00:00,2023-02-05 02:00:00,2023-02-05 01:30:00,2023-02-05 02:00:00,resolved,yes,2023-02-05 00:00:00,Medium,Hosur Road,Central Zone 1,UrvashiJunction,Cubbon Park,2023-02-05 00:00:00,2,,KG140,,,,,,,,,,,,,,,,,,,,,,,,
FKID000141,unplanned,13.022531732266867,77.64366715130174,construction,False,2023-02-05 06:00:00,2023-02-05 08:00:00,2023-02-05 07:30:00,2023-02-05 08:00:00,resolved,yes,2023-02-05 06:00:00,Low,NH 44,East Zone,SilkBoardJunction,Cubbon Park,2023-02-05 06:00:00,4,Bengaluru Central Corporation,KG141,,,,,,,,,,,,,,,,,,,,,,,,
FKID000142,unplanned,12.881404878857708,77.54173355748594,event,True,2023-02-05 12:00:00,2023-02-05 14:00:00,2023-02-05 13:30:00,2023-02-05 14:00:00,resolved,yes,2023-02-05 12:00:00,Medium,NH 44,Central Zone 2,MekhriCircle,Cubbon Park,2023-02-05 12:00:00,3,Bengaluru Central Corporation,KG142,,,,,,,,,,,,,,,,,,,,,,,,
FKID000143,unplanned,13.003910275141848,77.66135918478959,accident,False,2023-02-05 18:00:00,2023-02-05 20:00:00,2023-02-05 19:30:00,2023-02-05 20:00:00,resolved,yes,2023-02-05 18:00:00,Medium,NH 44,West Zone,MarathahalliBridge,Cubbon Park,2023-02-05 18:00:00,1,,KG143,,,,,,,,,,,,,,,,,,,,,,,,
FKID000144,unplanned,12.987297225166765,77.64689462492363,event,True,2023-02-06 00:00:00,2023-02-06 02:00:00,2023-02-06 01:30:00,2023-02-06 02:00:00,resolved,yes,2023-02-06 00:00:00,Low,NH 44,Central Zone 2,UrvashiJunction,Cubbon Park,2023-02-06 00:00:00,1,,KG144,,,,,,,,,,,,,,,,,,,,,,,,
FKID000145,planned,13.089449546084541,77.57670393386887,event,False,2023-02-06 06:00:00,2023-02-06 08:00:00,2023-02-06 07:30:00,2023-02-06 08:00:00,resolved,yes,2023-02-06 06:00:00,Medium,Mysore Road,West Zone,SilkBoardJunction,Cubbon Park,2023-02-06 06:00:00,1,,KG145,,,,,,,,,,,,,,,,,,,,,,,,
FKID000146,unplanned,13.098494015907793,77.5106605498939,event,True,2023-02-06 12:00:00,2023-02-06 14:00:00,2023-02-06 13:30:00,2023-02-06 14:00:00,resolved,yes,2023-02-06 12:00:00,Medium,Tumkur Road,Central Zone 2,UrvashiJunction,Cubbon Park,2023-02-06 12:00:00,1,Bengaluru Central Corporation,KG146,,,,,,,,,,,,,,,,,,,,,,,,
FKID000147,unplanned,12.82129288459286,77.66132476281005,event,False,2023-02-06 18:00:00,2023-02-06 20:00:00,2023-02-06 19:30:00,2023-02-06 20:00:00,resolved,yes,2023-02-06 18:00:00,High,Outer Ring Road,North Zone,MarathahalliBridge,Cubbon Park,2023-02-06 18:00:00,2,Bengaluru Central Corporation,KG147,,,,,,,,,,,,,,,,,,,,,,,,
FKID000148,planned,12.976067928874441,77.62048307924402,construction,False,2023-02-07 00:00:00,2023-02-07 02:00:00,2023-02-07 01:30:00,2023-02-07 02:00:00,resolved,yes,2023-02-07 00:00:00,Low,Hosur Road,North Zone,MarathahalliBridge,Cubbon Park,2023-02-07 00:00:00,2,Bengaluru Central Corporation,KG148,,,,,,,,,,,,,,,,,,,,,,,,
FKID000149,unplanned,13.094154160385692,77.68852596576862,accident,False,2023-02-07 06:00:00,2023-02-07 08:00:00,2023-02-07 07:30:00,2023-02-07 08:00:00,resolved,yes,2023-02-07 06:00:00,High,Mysore Road,North Zone,HebbalFlyover,Cubbon Park,2023-02-07 06:00:00,1,,KG149,,,,,,,,,,,,,,,,,,,,,,,,
FKID000150,unplanned,13.03647404153264,77.62044414530024,construction,True,2023-02-07 12:00:00,2023-02-07 14:00:00,2023-02-07 13:30:00,2023-02-07 14:00:00,resolved,yes,2023-02-07 12:00:00,Low,Outer Ring Road,Central Zone 1,,Cubbon Park,2023-02-07 12:00:00,1,Bengaluru Central Corporation,KG150,,,,,,,,,,,,,,,,,,,,,,,,
FKID000151,unplanned,13.202550225358511,77.710089005086,construction,False,2023-02-07 18:00:00,2023-02-07 20:00:00,2023-02-07 19:30:00,2023-02-07 20:00:00,resolved,yes,2023-02-07 18:00:00,Medium,Mysore Road,West Zone,,Cubbon Park,2023-02-07 18:00:00,1,Bengaluru Central Corporation,KG151,,,,,,,,,,,,,,,,,,,,,,,,
FKID000152,unplanned,13.109586006860905,77.62901484646912,event,True,2023-02-08 00:00:00,2023-02-08 02:00:00,2023-02-08 01:30:00,2023-02-08 02:00:00,resolved,yes,2023-02-08 00:00:00,Low,Mysore Road,North Zone,SilkBoardJunction,Cubbon Park,2023-02-08 00:00:00,2,,KG152,,,,,,,,,,,,,,,,,,,,,,,,
FKID000153,unplanned,12.876579180728273,77.63145325231456,breakdown,False,2023-02-08 06:00:00,2023-02-08 08:00:00,2023-02-08 07:30:00,2023-02-08 08:00:00,resolved,yes,2023-02-08 06:00:00,Low,Hosur Road,Central Zone 1,MarathahalliBridge,Cubbon Park,2023-02-08 06:00:00,1,Bengaluru Central Corporation,KG153,,,,,,,,,,,,,,,,,,,,,,,,
FKID000154,unplanned,12.833167311278203,77.71669647271776,breakdown,True,2023-02-08 12:00:00,2023-02-08 14:00:00,2023-02-08 13:30:00,2023-02-08 14:00:00,resolved,yes,2023-02-08 12:00:00,Low,Tumkur Road,West Zone,HebbalFlyover,Cubbon Park,2023-02-08 12:00:00,1,Bengaluru Central Corporation,KG154,,,,,,,,,,,,,,,,,,,,,,,,
FKID000155,unplanned,13.101937060756969,77.58894037387735,construction,True,2023-02-08 18:00:00,2023-02-08 20:00:00,2023-02-08 19:30:00,2023-02-08 20:00:00,resolved,yes,2023-02-08 18:00:00,Medium,NH 44,Central Zone 2,HebbalFlyover,Cubbon Park,2023-02-08 18:00:00,4,,KG155,,,,,,,,,,,,,,,,,,,,,,,,
FKID000156,unplanned,12.812460315954564,77.51618411168168,construction,True,2023-02-09 00:00:00,2023-02-09 02:00:00,2023-02-09 01:30:00,2023-02-09 02:00:00,resolved,yes,2023-02-09 00:00:00,Low,Tumkur Road,Central Zone 1,UrvashiJunction,Cubbon Park,2023-02-09 00:00:00,4,Bengaluru Central Corporation,KG156,,,,,,,,,,,,,,,,,,,,,,,,
FKID000157,unplanned,13.075314523198529,77.4877713226046,event,False,2023-02-09 06:00:00,2023-02-09 08:00:00,2023-02-09 07:30:00,2023-02-09 08:00:00,resolved,yes,2023-02-09 06:00:00,Medium,Hosur Road,East Zone,UrvashiJunction,Cubbon Park,2023-02-09 06:00:00,1,,KG157,,,,,,,,,,,,,,,,,,,,,,,,
FKID000158,unplanned,13.24190821346973,77.68388705903187,construction,False,2023-02-09 12:00:00,2023-02-09 14:00:00,2023-02-09 13:30:00,2023-02-09 14:00:00,resolved,yes,2023-02-09 12:00:00,Medium,Hosur Road,Central Zone 1,HebbalFlyover,Cubbon Park,2023-02-09 12:00:00,3,,KG158,,,,,,,,,,,,,,,,,,,,,,,,
FKID000159,unplanned,13.070472863601664,77.64748357886543,event,True,2023-02-09 18:00:00,2023-02-09 20:00:00,2023-02-09 19:30:00,2023-02-09 20:00:00,resolved,yes,2023-02-09 18:00:00,Medium,Hosur Road,Central Zone 1,UrvashiJunction,Cubbon Park,2023-02-09 18:00:00,1,,KG159,,,,,,,,,,,,,,,,,,,,,,,,
FKID000160,unplanned,12.982439865317065,77.67010153738678,breakdown,False,2023-02-10 00:00:00,2023-02-10 02:00:00,2023-02-10 01:30:00,2023-02-10 02:00:00,resolved,yes,2023-02-10 00:00:00,Low,Outer Ring Road,West Zone,MarathahalliBridge,Cubbon Park,2023-02-10 00:00:00,4,,KG160,,,,,,,,,,,,,,,,,,,,,,,,
FKID000161,unplanned,13.102345462667905,77.5375003236074,breakdown,False,2023-02-10 06:00:00,2023-02-10 08:00:00,2023-02-10 07:30:00,2023-02-10 08:00:00,resolved,yes,2023-02-10 06:00:00,Low,Tumkur Road,Central Zone 2,MekhriCircle,Cubbon Park,2023-02-10 06:00:00,3,,KG161,,,,,,,,,,,,,,,,,,,,,,,,
FKID000162,unplanned,13.015378858531014,77.51682029840843,accident,False,2023-02-10 12:00:00,2023-02-10 14:00:00,2023-02-10 13:30:00,2023-02-10 14:00:00,resolved,yes,2023-02-10 12:00:00,Low,Tumkur Road,East Zone,MarathahalliBridge,Cubbon Park,2023-02-10 12:00:00,3,Bengaluru Central Corporation,KG162,,,,,,,,,,,,,,,,,,,,,,,,
FKID000163,unplanned,13.05643989097849,77.48392705973033,breakdown,False,2023-02-10 18:00:00,2023-02-10 20:00:00,2023-02-10 19:30:00,2023-02-10 20:00:00,resolved,yes,2023-02-10 18:00:00,Medium,Mysore Road,North Zone,HebbalFlyover,Cubbon Park,2023-02-10 18:00:00,1,Bengaluru Central Corporation,KG163,,,,,,,,,,,,,,,,,,,,,,,,
FKID000164,planned,13.242488460124967,77.57465864087779,construction,False,2023-02-11 00:00:00,2023-02-11 02:00:00,2023-02-11 01:30:00,2023-02-11 02:00:00,resolved,yes,2023-02-11 00:00:00,Medium,Mysore Road,North Zone,HebbalFlyover,Cubbon Park,2023-02-11 00:00:00,4,,KG164,,,,,,,,,,,,,,,,,,,,,,,,
FKID000165,unplanned,12.981468239766365,77.63927777545075,breakdown,False,2023-02-11 06:00:00,2023-02-11 08:00:00,2023-02-11 07:30:00,2023-02-11 08:00:00,resolved,yes,2023-02-11 06:00:00,Low,Mysore Road,Central Zone 1,MarathahalliBridge,Cubbon Park,2023-02-11 06:00:00,4,,KG165,,,,,,,,,,,,,,,,,,,,,,,,
FKID000166,unplanned,13.25175956499724,77.58590589217692,event,True,2023-02-11 12:00:00,2023-02-11 14:00:00,2023-02-11 13:30:00,2023-02-11 14:00:00,resolved,yes,2023-02-11 12:00:00,Medium,Hosur Road,West Zone,UrvashiJunction,Cubbon Park,2023-02-11 12:00:00,3,Bengaluru Central Corporation,KG166,,,,,,,,,,,,,,,,,,,,,,,,
FKID000167,unplanned,13.22551480171935,77.5981182289464,breakdown,True,2023-02-11 18:00:00,2023-02-11 20:00:00,2023-02-11 19:30:00,2023-02-11 20:00:00,resolved,yes,2023-02-11 18:00:00,High,Tumkur Road,West Zone,UrvashiJunction,Cubbon Park,2023-02-11 18:00:00,1,,KG167,,,,,,,,,,,,,,,,,,,,,,,,
FKID000168,planned,12.89202183335097,77.72412284751331,accident,False,2023-02-12 00:00:00,2023-02-12 02:00:00,2023-02-12 01:30:00,2023-02-12 02:00:00,resolved,yes,2023-02-12 00:00:00,Medium,Hosur Road,North Zone,,Cubbon Park,2023-02-12 00:00:00,2,,KG168,,,,,,,,,,,,,,,,,,,,,,,,
FKID000169,unplanned,12.832599811411328,77.57402897609629,breakdown,False,2023-02-12 06:00:00,2023-02-12 08:00:00,2023-02-12 07:30:00,2023-02-12 08:00:00,resolved,yes,2023-02-12 06:00:00,Medium,Outer Ring Road,East Zone,HebbalFlyover,Cubbon Park,2023-02-12 06:00:00,2,,KG169,,,,,,,,,,,,,,,,,,,,,,,,
FKID000170,unplanned,12.847365660647391,77.61877716207314,event,False,2023-02-12 12:00:00,2023-02-12 14:00:00,2023-02-12 13:30:00,2023-02-12 14:00:00,resolved,yes,2023-02-12 12:00:00,Medium,Mysore Road,Central Zone 2,SilkBoardJunction,Cubbon Park,2023-02-12 12:00:00,4,Bengaluru Central Corporation,KG170,,,,,,,,,,,,,,,,,,,,,,,,
FKID000171,planned,12.80856425805623,77.69158631344011,event,True,2023-02-12 18:00:00,2023-02-12 20:00:00,2023-02-12 19:30:00,2023-02-12 20:00:00,resolved,yes,2023-02-12 18:00:00,Medium,Hosur Road,East Zone,,Cubbon Park,2023-02-12 18:00:00,2,Bengaluru Central Corporation,KG171,,,,,,,,,,,,,,,,,,,,,,,,
FKID000172,unplanned,12.844388191555288,77.58706655122674,construction,False,2023-02-13 00:00:00,2023-02-13 02:00:00,2023-02-13 01:30:00,2023-02-13 02:00:00,resolved,yes,2023-02-13 00:00:00,High,Hosur Road,Central Zone 2,UrvashiJunction,Cubbon Park,2023-02-13 00:00:00,4,,KG172,,,,,,,,,,,,,,,,,,,,,,,,
FKID000173,unplanned,13.121013183505688,77.64796340906153,breakdown,False,2023-02-13 06:00:00,2023-02-13 08:00:00,2023-02-13 07:30:00,2023-02-13 08:00:00,resolved,yes,2023-02-13 06:00:00,High,Outer Ring Road,North Zone,MarathahalliBridge,Cubbon Park,2023-02-13 06:00:00,4,,KG173,,,,,,,,,,,,,,,,,,,,,,,,
FKID000174,unplanned,12.833458664776309,77.71283820136162,event,True,2023-02-13 12:00:00,2023-02-13 14:00:00,2023-02-13 13:30:00,2023-02-13 14:00:00,resolved,yes,2023-02-13 12:00:00,Low,NH 44,Central Zone 2,UrvashiJunction,Cubbon Park,2023-02-13 12:00:00,4,Bengaluru Central Corporation,KG174,,,,,,,,,,,,,,,,,,,,,,,,
FKID000175,unplanned,12.949918546238068,77.73637056838756,accident,True,2023-02-13 18:00:00,2023-02-13 20:00:00,2023-02-13 19:30:00,2023-02-13 20:00:00,resolved,yes,2023-02-13 18:00:00,Medium,Tumkur Road,West Zone,MarathahalliBridge,Cubbon Park,2023-02-13 18:00:00,2,Bengaluru Central Corporation,KG175,,,,,,,,,,,,,,,,,,,,,,,,
FKID000176,unplanned,13.197091396155644,77.51970983985085,construction,False,2023-02-14 00:00:00,2023-02-14 02:00:00,2023-02-14 01:30:00,2023-02-14 02:00:00,resolved,yes,2023-02-14 00:00:00,Medium,NH 44,Central Zone 1,,Cubbon Park,2023-02-14 00:00:00,4,,KG176,,,,,,,,,,,,,,,,,,,,,,,,
FKID000177,unplanned,12.810937809795838,77.7301786587936,accident,False,2023-02-14 06:00:00,2023-02-14 08:00:00,2023-02-14 07:30:00,2023-02-14 08:00:00,resolved,yes,2023-02-14 06:00:00,Medium,Mysore Road,Central Zone 1,HebbalFlyover,Cubbon Park,2023-02-14 06:00:00,3,,KG177,,,,,,,,,,,,,,,,,,,,,,,,
FKID000178,unplanned,13.182800186816799,77.61287139913148,breakdown,True,2023-02-14 12:00:00,2023-02-14 14:00:00,2023-02-14 13:30:00,2023-02-14 14:00:00,resolved,yes,2023-02-14 12:00:00,Medium,Hosur Road,North Zone,UrvashiJunction,Cubbon Park,2023-02-14 12:00:00,1,Bengaluru Central Corporation,KG178,,,,,,,,,,,,,,,,,,,,,,,,
FKID000179,unplanned,12.932471744143498,77.54972598484072,breakdown,True,2023-02-14 18:00:00,2023-02-14 20:00:00,2023-02-14 19:30:00,2023-02-14 20:00:00,resolved,yes,2023-02-14 18:00:00,Low,Outer Ring Road,West Zone,MarathahalliBridge,Cubbon Park,2023-02-14 18:00:00,1,Bengaluru Central Corporation,KG179,,,,,,,,,,,,,,,,,,,,,,,,
FKID000180,unplanned,12.85553746898218,77.60396665418433,breakdown,True,2023-02-15 00:00:00,2023-02-15 02:00:00,2023-02-15 01:30:00,2023-02-15 02:00:00,resolved,yes,2023-02-15 00:00:00,Low,Outer Ring Road,East Zone,HebbalFlyover,Cubbon Park,2023-02-15 00:00:00,4,Bengaluru Central Corporation,KG180,,,,,,,,,,,,,,,,,,,,,,,,
FKID000181,unplanned,13.12746646772115,77.74460879532708,construction,False,2023-02-15 06:00:00,2023-02-15 08:00:00,2023-02-15 07:30:00,2023-02-15 08:00:00,resolved,yes,2023-02-15 06:00:00,High,Tumkur Road,West Zone,SilkBoardJunction,Cubbon Park,2023-02-15 06:00:00,1,,KG181,,,,,,,,,,,,,,,,,,,,,,,,
FKID000182,unplanned,13.095603137986545,77.61300688537807,event,True,2023-02-15 12:00:00,2023-02-15 14:00:00,2023-02-15 13:30:00,2023-02-15 14:00:00,resolved,yes,2023-02-15 12:00:00,Medium,NH 44,Central Zone 1,MarathahalliBridge,Cubbon Park,2023-02-15 12:00:00,2,Bengaluru Central Corporation,KG182,,,,,,,,,,,,,,,,,,,,,,,,
FKID000183,unplanned,13.212411846357714,77.56876293477762,construction,True,2023-02-15 18:00:00,2023-02-15 20:00:00,2023-02-15 19:30:00,2023-02-15 20:00:00,resolved,yes,2023-02-15 18:00:00,Low,Tumkur Road,Central Zone 1,,Cubbon Park,2023-02-15 18:00:00,2,,KG183,,,,,,,,,,,,,,,,,,,,,,,,
FKID000184,unplanned,13.145483390587826,77.65101823066551,accident,False,2023-02-16 00:00:00,2023-02-16 02:00:00,2023-02-16 01:30:00,2023-02-16 02:00:00,resolved,yes,2023-02-16 00:00:00,Low,Hosur Road,West Zone,SilkBoardJunction,Cubbon Park,2023-02-16 00:00:00,1,Bengaluru Central Corporation,KG184,,,,,,,,,,,,,,,,,,,,,,,,
FKID000185,unplanned,13.177636037280879,77.54483931707011,construction,True,2023-02-16 06:00:00,2023-02-16 08:00:00,2023-02-16 07:30:00,2023-02-16 08:00:00,resolved,yes,2023-02-16 06:00:00,Medium,Tumkur Road,West Zone,SilkBoardJunction,Cubbon Park,2023-02-16 06:00:00,2,Bengaluru Central Corporation,KG185,,,,,,,,,,,,,,,,,,,,,,,,
FKID000186,unplanned,12.932556249108515,77.50048309858934,accident,False,2023-02-16 12:00:00,2023-02-16 14:00:00,2023-02-16 13:30:00,2023-02-16 14:00:00,resolved,yes,2023-02-16 12:00:00,Medium,Outer Ring Road,Central Zone 1,MekhriCircle,Cubbon Park,2023-02-16 12:00:00,1,Bengaluru Central Corporation,KG186,,,,,,,,,,,,,,,,,,,,,,,,
FKID000187,unplanned,12.88339658557647,77.51479752491588,construction,True,2023-02-16 18:00:00,2023-02-16 20:00:00,2023-02-16 19:30:00,2023-02-16 20:00:00,resolved,yes,2023-02-16 18:00:00,High,Outer Ring Road,East Zone,UrvashiJunction,Cubbon Park,2023-02-16 18:00:00,1,Bengaluru Central Corporation,KG187,,,,,,,,,,,,,,,,,,,,,,,,
FKID000188,unplanned,13.152788933271204,77.5145723765186,event,True,2023-02-17 00:00:00,2023-02-17 02:00:00,2023-02-17 01:30:00,2023-02-17 02:00:00,resolved,yes,2023-02-17 00:00:00,Low,Mysore Road,North Zone,MarathahalliBridge,Cubbon Park,2023-02-17 00:00:00,1,,KG188,,,,,,,,,,,,,,,,,,,,,,,,
FKID000189,unplanned,13.179212327455614,77.52101372724832,accident,True,2023-02-17 06:00:00,2023-02-17 08:00:00,2023-02-17 07:30:00,2023-02-17 08:00:00,resolved,yes,2023-02-17 06:00:00,Medium,Mysore Road,North Zone,SilkBoardJunction,Cubbon Park,2023-02-17 06:00:00,4,,KG189,,,,,,,,,,,,,,,,,,,,,,,,
FKID000190,planned,13.265537416740315,77.51748333661534,breakdown,False,2023-02-17 12:00:00,2023-02-17 14:00:00,2023-02-17 13:30:00,2023-02-17 14:00:00,resolved,yes,2023-02-17 12:00:00,Low,Hosur Road,West Zone,MekhriCircle,Cubbon Park,2023-02-17 12:00:00,1,Bengaluru Central Corporation,KG190,,,,,,,,,,,,,,,,,,,,,,,,
FKID000191,unplanned,12.993930308148371,77.65303618109687,breakdown,False,2023-02-17 18:00:00,2023-02-17 20:00:00,2023-02-17 19:30:00,2023-02-17 20:00:00,resolved,yes,2023-02-17 18:00:00,Medium,NH 44,North Zone,,Cubbon Park,2023-02-17 18:00:00,4,,KG191,,,,,,,,,,,,,,,,,,,,,,,,
FKID000192,unplanned,12.974848500322608,77.52910762278778,construction,False,2023-02-18 00:00:00,2023-02-18 02:00:00,2023-02-18 01:30:00,2023-02-18 02:00:00,resolved,yes,2023-02-18 00:00:00,Medium,Tumkur Road,Central Zone 1,HebbalFlyover,Cubbon Park,2023-02-18 00:00:00,1,Bengaluru Central Corporation,KG192,,,,,,,,,,,,,,,,,,,,,,,,
FKID000193,unplanned,13.164914091548738,77.57333016649744,breakdown,False,2023-02-18 06:00:00,2023-02-18 08:00:00,2023-02-18 07:30:00,2023-02-18 08:00:00,resolved,yes,2023-02-18 06:00:00,Medium,Hosur Road,Central Zone 1,MarathahalliBridge,Cubbon Park,2023-02-18 06:00:00,1,Bengaluru Central Corporation,KG193,,,,,,,,,,,,,,,,,,,,,,,,
FKID000194,unplanned,12.960177663918918,77.72213287067463,accident,False,2023-02-18 12:00:00,2023-02-18 14:00:00,2023-02-18 13:30:00,2023-02-18 14:00:00,resolved,yes,2023-02-18 12:00:00,Medium,Mysore Road,West Zone,SilkBoardJunction,Cubbon Park,2023-02-18 12:00:00,1,Bengaluru Central Corporation,KG194,,,,,,,,,,,,,,,,,,,,,,,,
FKID000195,unplanned,13.237455943033675,77.60796964287098,breakdown,True,2023-02-18 18:00:00,2023-02-18 20:00:00,2023-02-18 19:30:00,2023-02-18 20:00:00,resolved,yes,2023-02-18 18:00:00,High,Tumkur Road,West Zone,UrvashiJunction,Cubbon Park,2023-02-18 18:00:00,2,Bengaluru Central Corporation,KG195,,,,,,,,,,,,,,,,,,,,,,,,
FKID000196,unplanned,13.203453993366216,77.66024058940067,event,True,2023-02-19 00:00:00,2023-02-19 02:00:00,2023-02-19 01:30:00,2023-02-19 02:00:00,resolved,yes,2023-02-19 00:00:00,Medium,Mysore Road,West Zone,MekhriCircle,Cubbon Park,2023-02-19 00:00:00,4,,KG196,,,,,,,,,,,,,,,,,,,,,,,,
FKID000197,unplanned,13.001627192866259,77.52652636522444,event,False,2023-02-19 06:00:00,2023-02-19 08:00:00,2023-02-19 07:30:00,2023-02-19 08:00:00,resolved,yes,2023-02-19 06:00:00,High,Tumkur Road,East Zone,SilkBoardJunction,Cubbon Park,2023-02-19 06:00:00,4,Bengaluru Central Corporation,KG197,,,,,,,,,,,,,,,,,,,,,,,,
FKID000198,unplanned,13.152909401862004,77.53191803507835,construction,True,2023-02-19 12:00:00,2023-02-19 14:00:00,2023-02-19 13:30:00,2023-02-19 14:00:00,resolved,yes,2023-02-19 12:00:00,Low,NH 44,North Zone,UrvashiJunction,Cubbon Park,2023-02-19 12:00:00,1,Bengaluru Central Corporation,KG198,,,,,,,,,,,,,,,,,,,,,,,,
FKID000199,unplanned,13.1546351508198,77.49103452639196,accident,True,2023-02-19 18:00:00,2023-02-19 20:00:00,2023-02-19 19:30:00,2023-02-19 20:00:00,resolved,yes,2023-02-19 18:00:00,Medium,Hosur Road,West Zone,SilkBoardJunction,Cubbon Park,2023-02-19 18:00:00,1,,KG199,,,,,,,,,,,,,,,,,,,,,,,,
